School_code,School_name,Local_authority,Consortium,Rating,School Name,LA Code,Local Authority,Sector,Governance - see notes,WM Code,Welsh Medium Type - see notes,School Type,Religious Character,Address 1,Address 2,Address 3,Address 4,Postcode,Phone Number,Pupils - see notes
6604025,Ysgol Syr Thomas Jones,Isle of Anglesey / Sir Ynys Môn,GwE / GwE,Yellow/Melyn,Ysgol Syr Thomas Jones,660.0,Isle of Anglesey,Secondary,Community,BB,Bilingual (Type B),Secondary (ages 11-19),---,Pentrefelin,Amlwch,Ynys Mon,,LL68 9TH,01407 830287,507.0
6604026,Ysgol Uwchradd Caergybi,Isle of Anglesey / Sir Ynys Môn,GwE / GwE,Yellow/Melyn,Ysgol Uwchradd Caergybi,660.0,Isle of Anglesey,Secondary,Community,EW,English with significant Welsh,Secondary (ages 11-19),---,Caergybi,Ynys Môn,,,LL65 1NP,01407 762219,816.0
6604027,Ysgol Gyfun Llangefni,Isle of Anglesey / Sir Ynys Môn,GwE / GwE,Green/Gwyrdd,Ysgol Gyfun Llangefni,660.0,Isle of Anglesey,Secondary,Community,BB,Bilingual (Type B),Secondary (ages 11-19),---,Llangefni,Ynys Môn,,,LL77 7NG,01248 723441,654.0
6604028,Ysgol David Hughes,Isle of Anglesey / Sir Ynys Môn,GwE / GwE,Yellow/Melyn,Ysgol David Hughes,660.0,Isle of Anglesey,Secondary,Community,BB,Bilingual (Type B),Secondary (ages 11-19),---,Ffordd Pentraeth,Porthaethwy,Ynys Môn,,LL59 5SS,01248 712287,1068.0
6604029,Ysgol Uwchradd Bodedern,Isle of Anglesey / Sir Ynys Môn,GwE / GwE,Red/Coch,Ysgol Uwchradd Bodedern,660.0,Isle of Anglesey,Secondary,Community,BB,Bilingual (Type B),Secondary (ages 11-19),---,Bro Alaw,Bodedern,Caergybi,Ynys Môn,LL65 3TL,01407 741000,703.0
6614002,Ysgol Dyffryn Ogwen Bethesda,Gwynedd / Gwynedd,GwE / GwE,Red/Coch,Ysgol Dyffryn Ogwen Bethesda,661.0,Gwynedd,Secondary,Community,AB,Bilingual (Type A),Secondary (ages 11-19),---,Ffordd Coetmor,Bethesda,Gwynedd,,LL57 3NN,01248 600291,462.0
6614003,Ysgol Botwnnog,Gwynedd / Gwynedd,GwE / GwE,Green/Gwyrdd,Ysgol Botwnnog,661.0,Gwynedd,Secondary,Community,AB,Bilingual (Type A),Secondary (ages 11-16),---,Botwnnog,Llyn,Gwynedd,,LL53 8PY,01758 730220,445.0
6614004,Ysgol Brynrefail,Gwynedd / Gwynedd,GwE / GwE,Green/Gwyrdd,Ysgol Brynrefail,661.0,Gwynedd,Secondary,Community,AB,Bilingual (Type A),Secondary (ages 11-19),---,Llanrug,Caernarfon,Gwynedd,,LL55 4AD,01286 672381,742.0
6614007,Ysgol Dyffryn Nantlle,Gwynedd / Gwynedd,GwE / GwE,Red/Coch,Ysgol Dyffryn Nantlle,661.0,Gwynedd,Secondary,Community,AB,Bilingual (Type A),Secondary (ages 11-19),---,Ffordd Y Brenin,Penygroes,Gwynedd,,LL54 6AA,01286 880345,415.0
6614009,YSGOL EIFIONYDD,Gwynedd / Gwynedd,GwE / GwE,Yellow/Melyn,Ysgol Eifionydd,661.0,Gwynedd,Secondary,Community,AB,Bilingual (Type A),Secondary (ages 11-16),---,Porthmadog,Gwynedd,,,LL49 9HS,01766 512114,381.0
6614031,Ysgol Y Moelwyn,Gwynedd / Gwynedd,GwE / GwE,Yellow/Melyn,Ysgol Y Moelwyn,661.0,Gwynedd,Secondary,Community,AB,Bilingual (Type A),Secondary (ages 11-16),---,Heol Wynne,Blaenau Ffestiniog,Gwynedd,,LL41 3DW,01766 830435,316.0
6614032,YSGOL UWCHRADD TYWYN,Gwynedd / Gwynedd,GwE / GwE,Green/Gwyrdd,Ysgol Uwchradd Tywyn,661.0,Gwynedd,Secondary,Community,AB,Bilingual (Type A),Secondary (ages 11-16),---,Station Road,Tywyn,Gwynedd,,LL36 9EU,01654 710256,320.0
6614034,Ysgol Ardudwy,Gwynedd / Gwynedd,GwE / GwE,Red/Coch,Ysgol Ardudwy,661.0,Gwynedd,Secondary,Community,AB,Bilingual (Type A),Secondary (ages 11-16),---,Ffordd y Traeth,Harlech,Gwynedd,,LL46 2UH,01766 780331,317.0
6614036,Ysgol Friars,Gwynedd / Gwynedd,GwE / GwE,Green/Gwyrdd,Ysgol Friars,661.0,Gwynedd,Secondary,Community,EW,English with significant Welsh,Secondary (ages 11-19),---,Lon y Bryn,Bangor,Gwynedd,,LL57 2LN,01248 364905,1309.0
6614037,Ysgol Tryfan,Gwynedd / Gwynedd,GwE / GwE,Yellow/Melyn,Ysgol Tryfan,661.0,Gwynedd,Secondary,Community,AB,Bilingual (Type A),Secondary (ages 11-19),---,Lon Powys,Bangor,Gwynedd,,LL57 2TY,01248 352633,424.0
6614039,Ysgol Syr Hugh Owen,Gwynedd / Gwynedd,GwE / GwE,Yellow/Melyn,Ysgol Syr Hugh Owen,661.0,Gwynedd,Secondary,Community,AB,Bilingual (Type A),Secondary (ages 11-19),---,Bethel Road,Caernarfon,Gwynedd,,LL55 1HW,01286 673076,857.0
6614040,Ysgol Glan y Mor,Gwynedd / Gwynedd,GwE / GwE,Yellow/Melyn,Ysgol Glan Y Mor,661.0,Gwynedd,Secondary,Community,AB,Bilingual (Type A),Secondary (ages 11-16),---,Ffordd Caerdydd,Pwllheli,Gwynedd,,LL53 5NU,01758 701244,485.0
6615500,Bro Idris,Gwynedd / Gwynedd,GwE / GwE,Amber/Oren,Ysgol Bro Idris,661.0,Gwynedd,Middle,Community,AB,Bilingual (Type A),Middle (ages 3-16),---,Dolgellau,,,Gwynedd,LL40 1HY,01341 424949,575.0
6615501,Ysgol Godre'r Berwyn,Gwynedd / Gwynedd,GwE / GwE,Yellow/Melyn,Ysgol Godre'r Berwyn,661.0,Gwynedd,Middle,Community,AB,Bilingual (Type A),Middle (ages 3-19),---,Heol Ffrydan,,,Bala,LL23 7RU,01678 520259,521.0
6624022,Ysgol John Bright,Conwy / Conwy,GwE / GwE,Amber/Oren,Ysgol John Bright,662.0,Conwy,Secondary,Community,EM,English medium,Secondary (ages 11-19),---,Maesdu Road,Llandudno,,,LL30 1LF,01492 864200,1229.0
6624023,Ysgol Aberconwy,Conwy / Conwy,GwE / GwE,Yellow/Melyn,Ysgol Aberconwy,662.0,Conwy,Secondary,Community,EM,English medium,Secondary (ages 11-19),---,Morfa Drive,Conwy,,,LL32 8ED,01492 593243,794.0
6624035,YSGOL DYFFRYN CONWY,Conwy / Conwy,GwE / GwE,Amber/Oren,Ysgol Dyffryn Conwy,662.0,Conwy,Secondary,Community,BB,Bilingual (Type B),Secondary (ages 11-19),---,Nebo Road,Llanrwst,,,LL26 0SD,01492 642800,633.0
6624038,YSGOL Y CREUDDYN,Conwy / Conwy,GwE / GwE,Green/Gwyrdd,Ysgol Y Creuddyn,662.0,Conwy,Secondary,Community,WM,Welsh medium,Secondary (ages 11-19),---,Ffordd Dderwen,Bae Penrhyn,Llandudno,,LL30 3LB,01492 544344,584.0
6625400,Ysgol Emrys ap Iwan,Conwy / Conwy,GwE / GwE,Yellow/Melyn,Ysgol Emrys Ap Iwan,662.0,Conwy,Secondary,Foundation,EM,English medium,Secondary (ages 11-19),---,Faenol Avenue,Abergele,Conwy,,LL22 7HE,01745 832287,983.0
6625402,Eirias High School,Conwy / Conwy,GwE / GwE,Yellow/Melyn,Eirias High School,662.0,Conwy,Secondary,Foundation,EM,English medium,Secondary (ages 11-19),---,Eirias Road,Colwyn Bay,,,LL29 7SP,01492 532025,1331.0
6625403,Ysgol Bryn Elian,Conwy / Conwy,GwE / GwE,Amber/Oren,Ysgol Bryn Elian,662.0,Conwy,Secondary,Foundation,EM,English medium,Secondary (ages 11-19),---,Windsor Drive,Colwyn Bay,Conwy,,LL29 8HU,01492 518215,936.0
6634003,Rhyl High School,Denbighshire / Sir Ddinbych,GwE / GwE,Yellow/Melyn,Rhyl High School,663.0,Denbighshire,Secondary,Community,EM,English medium,Secondary (ages 11-16),---,Grange Road,Rhyl,Denbighshire,,LL18 4BY,01745 343533,1115.0
6634014,Prestatyn High School,Denbighshire / Sir Ddinbych,GwE / GwE,Yellow/Melyn,Prestatyn High School,663.0,Denbighshire,Secondary,Community,EM,English medium,Secondary (ages 11-19),---,2 Princes Avenue,Prestatyn,Denbighshire,,LL19 8RS,01745 852312,1407.0
6634020,Ysgol Uwchradd Glan Clwyd,Denbighshire / Sir Ddinbych,GwE / GwE,Yellow/Melyn,Ysgol Uwchradd Glan Clwyd,663.0,Denbighshire,Secondary,Community,WM,Welsh medium,Secondary (ages 11-19),---,Ffordd Dinbych,Llanelwy,Sir Ddinbych,,LL17 0RP,01745 582611,992.0
6634026,Denbigh High School,Denbighshire / Sir Ddinbych,GwE / GwE,Red/Coch,Denbigh High School,663.0,Denbighshire,Secondary,Community,EM,English medium,Secondary (ages 11-19),---,Ruthin Road,Denbigh,Denbighshire,,LL16 3EX,01745 812485,479.0
6634027,Ysgol Dinas Bran,Denbighshire / Sir Ddinbych,GwE / GwE,Amber/Oren,Ysgol Dinas Bran,663.0,Denbighshire,Secondary,Community,BB,Bilingual (Type B),Secondary (ages 11-19),---,Dinbren Road,Llangollen,Denbighshire,,LL20 8TG,01978 860669,1041.0
6634031,Ysgol Brynhyfryd,Denbighshire / Sir Ddinbych,GwE / GwE,Green/Gwyrdd,Ysgol Brynhyfryd,663.0,Denbighshire,Secondary,Community,BB,Bilingual (Type B),Secondary (ages 11-19),---,Mold Road,Ruthin,Denbighshire,,LL15 1EG,01824 703933,987.0
6635901,St Brigid's School,Denbighshire / Sir Ddinbych,GwE / GwE,Green/Gwyrdd,St Brigid's School,663.0,Denbighshire,Middle,Voluntary aided,EM,English medium,Middle (ages 3-19),Roman Catholic,Plas Yn Green,Mold Road,Denbigh,,LL16 4BH,01745 815228,478.0
6635902,Christ The Word,Denbighshire / Sir Ddinbych,GwE / GwE,Amber/Oren,Christ The Word Catholic School,663.0,Denbighshire,Middle,Voluntary aided,EM,English medium,Middle (ages 3-16),Roman Catholic,Cefndy Road,,,Rhyl,LL18 2EU,01745 343433,664.0
6644000,Hawarden High School,Flintshire / Sir y Fflint,GwE / GwE,Yellow/Melyn,Hawarden High School,664.0,Flintshire,Secondary,Community,EM,English medium,Secondary (ages 11-19),---,The Highway,Hawarden,Deeside,Flintshire,CH5 3DN,01244 526400,1100.0
6644006,Alun School,Flintshire / Sir y Fflint,GwE / GwE,Green/Gwyrdd,Alun School,664.0,Flintshire,Secondary,Community,EM,English medium,Secondary (ages 11-19),---,Wrexham Road,Mold,Flintshire,,CH7 1EP,01352 750755,1560.0
6644011,Elfed High School,Flintshire / Sir y Fflint,GwE / GwE,Green/Gwyrdd,Elfed High School,664.0,Flintshire,Secondary,Community,EM,English medium,Secondary (ages 11-16),---,Mill Lane,Buckley,Flintshire,,CH7 3HQ,01244 550217,874.0
6644012,Ysgol Treffynnon,Flintshire / Sir y Fflint,GwE / GwE,Amber/Oren,Ysgol Treffynnon,664.0,Flintshire,Secondary,Community,EM,English medium,Secondary (ages 11-16),---,The Strand,Holywell,Flintshire,,CH8 7EN,01352 710011,480.0
6644013,St. David's High School,Flintshire / Sir y Fflint,GwE / GwE,Amber/Oren,St. David's High School,664.0,Flintshire,Secondary,Community,EM,English medium,Secondary (ages 11-16),---,St David's Terrace,Saltney,Chester,Flintshire,CH4 0AE,01244 671583,346.0
6644017,Castell Alun High School,Flintshire / Sir y Fflint,GwE / GwE,Green/Gwyrdd,Castell Alun High School,664.0,Flintshire,Secondary,Community,EM,English medium,Secondary (ages 11-19),---,Fagl Lane,Hope,Flintshire,,LL12 9PY,01978 760238,1344.0
6644018,Maes Garmon,Flintshire / Sir y Fflint,GwE / GwE,Amber/Oren,Ysgol Maes Garmon,664.0,Flintshire,Secondary,Community,WM,Welsh medium,Secondary (ages 11-19),---,Stryd Conwy,Yr Wyddgrug,Sir Y Fflint,,CH7 1JB,01352 750678,529.0
6644021,Flint High School,Flintshire / Sir y Fflint,GwE / GwE,Amber/Oren,Flint High School,664.0,Flintshire,Secondary,Community,EM,English medium,Secondary (ages 11-19),---,Maes Hyfryd,Flintshire,,,CH6 5LL,01352 732268,839.0
6644022,"Connah's Quay High School,",Flintshire / Sir y Fflint,GwE / GwE,Amber/Oren,"Connah's Quay High School,",664.0,Flintshire,Secondary,Community,EM,English medium,Secondary (ages 11-16),---,Golftyn Lane,Connah's Quay,Flintshire,,CH5 4BH,01244 813491,1010.0
6644042,Argoed School,Flintshire / Sir y Fflint,GwE / GwE,Yellow/Melyn,Argoed High School,664.0,Flintshire,Secondary,Community,EM,English medium,Secondary (ages 11-16),---,Bryn Road,Bryn Y Baal,Nr Mold,Flintshire,CH7 6RY,01352 756414,541.0
6644600,St. Richard Gwyn Catholic High School,Flintshire / Sir y Fflint,GwE / GwE,Yellow/Melyn,St. Richard Gwyn Catholic High School,664.0,Flintshire,Secondary,Voluntary aided,EM,English medium,Secondary (ages 11-19),Roman Catholic,Albert Avenue,Flint,,,CH6 5JZ,01352 736900,773.0
6654029,Grango,Wrexham / Wrecsam,GwE / GwE,Yellow/Melyn,Grango,665.0,Wrexham,Secondary,Community,EM,English medium,Secondary (ages 11-16),---,Vinegar Hill,Rhos,Wrexham,,LL14 1EL,01978 833010,535.0
6654032,YSGOL MORGAN LLWYD,Wrexham / Wrecsam,GwE / GwE,Yellow/Melyn,Ysgol Morgan Llwyd,665.0,Wrexham,Secondary,Community,WM,Welsh medium,Secondary (ages 11-19),---,Ffordd Cefn,Wrecsam,,,LL13 9NG,01978 315050,779.0
6654033,Ysgol Bryn Alyn,Wrexham / Wrecsam,GwE / GwE,Red/Coch,Ysgol Bryn Alyn,665.0,Wrexham,Secondary,Community,EM,English medium,Secondary (ages 11-16),---,Church Street,Gwersyllt,Wrexham,,LL11 4HB,01978 720700,697.0
6654034,Darland High School,Wrexham / Wrecsam,GwE / GwE,Amber/Oren,Darland High School,665.0,Wrexham,Secondary,Community,EM,English medium,Secondary (ages 11-16),---,Chester Road,Rossett,Wrexham,,LL12 0DL,01244 570588,832.0
6654044,Ysgol Rhiwabon,Wrexham / Wrecsam,GwE / GwE,Yellow/Melyn,Ysgol Rhiwabon,665.0,Wrexham,Secondary,Community,EM,English medium,Secondary (ages 11-19),---,Ruabon,Wrexham,,,LL14 6BT,01978 822392,439.0
6654048,Rhosnesni High School,Wrexham / Wrecsam,GwE / GwE,Red/Coch,Rhosnesni High School,665.0,Wrexham,Secondary,Community,EM,English medium,Secondary (ages 11-16),---,Rhosnesni Lane,Wrexham,,,LL13 9ET,01978 340840,808.0
6654049,Ysgol Clywedog,Wrexham / Wrecsam,GwE / GwE,Red/Coch,Ysgol Clywedog,665.0,Wrexham,Secondary,Community,EM,English medium,Secondary (ages 11-16),---,Ruthin Road,Wrexham,,,LL13 7UB,01978 346800,783.0
6654603,St Joseph's Catholic and Anglican High,Wrexham / Wrecsam,GwE / GwE,Green/Gwyrdd,St Joseph's Catholic And Anglican High,665.0,Wrexham,Secondary,Voluntary aided,EM,English medium,Secondary (ages 11-16),Roman Catholic & Anglican,Sontley Road,Wrexham,,,LL13 7EN,01978 360310,724.0
6655401,THE MAELOR SCHOOL,Wrexham / Wrecsam,GwE / GwE,Green/Gwyrdd,The Maelor School,665.0,Wrexham,Secondary,Foundation,EM,English medium,Secondary (ages 11-19),---,Penley,Wrexham,,,LL13 0LU,01948 830291,806.0
6664000,Ysgol Uwchradd Caereinion High School,Powys / Powys,ERW / ERW,Amber/Oren,Ysgol Uwchradd Caereinion High School,666.0,Powys,Secondary,Community,BB,Bilingual (Type B),Secondary (ages 11-19),---,Llanfair Caereinion,Welshpool,Powys,,SY21 0HW,01938 810888,439.0
6664001,Llanfyllin High School,Powys / Powys,ERW / ERW,Amber/Oren,,,,,,,,,,,,,,,,
6664002,LLANIDLOES HIGH SCHOOL,Powys / Powys,ERW / ERW,Green/Gwyrdd,Llanidloes High School,666.0,Powys,Secondary,Community,EW,English with significant Welsh,Secondary (ages 11-19),---,Llanidloes,Powys,,,SY18 6EX,01686 412289,595.0
6664011,Newtown High School,Powys / Powys,ERW / ERW,Red/Coch,Newtown High School,666.0,Powys,Secondary,Community,EM,English medium,Secondary (ages 11-19),---,Dolfor Road,Newtown,Powys,,SY16 1JE,01686 626304,1031.0
6664013,WELSHPOOL HIGH SCHOOL,Powys / Powys,ERW / ERW,Green/Gwyrdd,Welshpool High School,666.0,Powys,Secondary,Community,EM,English medium,Secondary (ages 11-19),---,Salop Road,Welshpool,Powys,,SY21 7RE,01938 552014,874.0
6664021,Ysgol Maesydderwen,Powys / Powys,ERW / ERW,Amber/Oren,Ysgol Maesydderwen,666.0,Powys,Secondary,Community,EM,English medium,Secondary (ages 11-19),---,Tudor Street,Ystradgynlais,Swansea,,SA9 1AP,01639 842115,497.0
6664022,BRECON HIGH SCHOOL,Powys / Powys,ERW / ERW,Red/Coch,Brecon High School,666.0,Powys,Secondary,Community,EW,English with significant Welsh,Secondary (ages 11-19),---,Penlan,Brecon,Powys,,LD3 9SR,01874 622361,474.0
6664023,Gwernyfed High School,Powys / Powys,ERW / ERW,Green/Gwyrdd,Gwernyfed High School,666.0,Powys,Secondary,Community,EM,English medium,Secondary (ages 11-19),---,Three Cocks,Brecon,Powys,,LD3 0SG,01497 847445,495.0
6664024,Crickhowell High School,Powys / Powys,ERW / ERW,Green/Gwyrdd,Crickhowell High School,666.0,Powys,Secondary,Community,EM,English medium,Secondary (ages 11-19),---,New Road,Crickhowell,Powys,,NP8 1AW,01873 813500,906.0
6664025,Ysgol Calon Cymru,Powys / Powys,ERW / ERW,Red/Coch,Ysgol Calon Cymru,666.0,Powys,Secondary,Community,AB,Bilingual (Type A),Secondary (ages 11-19),---,College Road,,Builth Wells,Powys,LD2 3BW,01982 553292,1048.0
6665500,Ysgol Bro Hyddgen,Powys / Powys,ERW / ERW,Yellow/Melyn,Ysgol Bro Hyddgen,666.0,Powys,Middle,Community,AB,Bilingual (Type A),Middle (ages 4-19),---,Machynlleth,Powys,,,SY20 8DR,01654 702994,474.0
6674042,GYFUN ABERAERON COMPREHENSIVE,Ceredigion / Sir Ceredigion,ERW / ERW,Yellow/Melyn,Gyfun Aberaeron Comprehensive,667.0,Ceredigion,Secondary,Community,CB,Bilingual (Type C),Secondary (ages 11-19),---,Stryd Y Fro,Aberaeron,Ceredigion,,SA46 0DT,01545 570217,599.0
6674044,Ysgol Uwchradd Aberteifi,Ceredigion / Sir Ceredigion,ERW / ERW,Green/Gwyrdd,Ysgol Uwchradd Aberteifi,667.0,Ceredigion,Secondary,Community,CB,Bilingual (Type C),Secondary (ages 11-19),---,Park Place,Aberteifi,Ceredigion,,SA43 1AD,01239 612670,616.0
6674047,Penglais School,Ceredigion / Sir Ceredigion,ERW / ERW,Yellow/Melyn,Penglais School,667.0,Ceredigion,Secondary,Community,EM,English medium,Secondary (ages 11-19),---,Waunfawr,Aberystwyth,Ceredigion,,SY23 3AW,01970 624811,1087.0
6674048,YSGOL GYFUN PENWEDDIG,Ceredigion / Sir Ceredigion,ERW / ERW,Amber/Oren,Ysgol Gyfun Penweddig,667.0,Ceredigion,Secondary,Community,AB,Bilingual (Type A),Secondary (ages 11-19),---,Ffordd Llanbadarn,Llangawsai,Aberystwyth,,SY23 3QN,01970 639499,608.0
6675500,Ysgol Bro Pedr,Ceredigion / Sir Ceredigion,ERW / ERW,Yellow/Melyn,Ysgol Bro Pedr,667.0,Ceredigion,Middle,Community,WM,Welsh medium,Middle (ages 3-19),---,Llanbedr Pont Steffan,Ceredigion,,,SA48 7BX,01570 422214,1032.0
6675501,Ysgol Henry Richard,Ceredigion / Sir Ceredigion,ERW / ERW,Yellow/Melyn,Ysgol Henry Richard,667.0,Ceredigion,Middle,Community,BB,Bilingual (Type B),Middle (ages 3-16),---,Tregaron,Ceredigion,,,SY25 6HG,01974 298231,318.0
6675502,Ysgol Bro Teifi,Ceredigion / Sir Ceredigion,ERW / ERW,Green/Gwyrdd,Ysgol Bro Teifi,667.0,Ceredigion,Middle,Community,AB,Bilingual (Type A),Middle (ages 3-19),---,,LLANDYSUL,,,SA44 4JL,01559 362503,924.0
6684031,Ysgol Bro Gwaun,Pembrokeshire / Sir Benfro,ERW / ERW,Green/Gwyrdd,Ysgol Bro Gwaun,668.0,Pembrokeshire,Secondary,Community,EW,English with significant Welsh,Secondary (ages 11-16),---,Heol Dyfed,Fishguard,Pembrokeshire,,SA65 9DT,01348 872268,522.0
6684035,Ysgol Greenhill School,Pembrokeshire / Sir Benfro,ERW / ERW,Red/Coch,Ysgol Greenhill School,668.0,Pembrokeshire,Secondary,Community,EM,English medium,Secondary (ages 11-19),---,Heywood Lane,Tenby,Pembrokeshire,,SA70 8BN,01834 840100,835.0
6684038,Ysgol Harri Tudur / Henry Tudor School,Pembrokeshire / Sir Benfro,ERW / ERW,Amber/Oren,Henry Tudor School,668.0,Pembrokeshire,Secondary,Community,EM,English medium,Secondary (ages 11-19),---,Bush,Pembroke,Pembrokeshire,,SA71 4RL,01646 682461,1220.0
6684063,Milford Haven School,Pembrokeshire / Sir Benfro,ERW / ERW,Amber/Oren,Milford Haven School,668.0,Pembrokeshire,Secondary,Community,EM,English medium,Secondary (ages 11-19),---,Steynton Road,Milford Haven,Pembrokeshire,,SA73 1AE,01646 690021,982.0
6684064,Ysgol y Preseli,Pembrokeshire / Sir Benfro,ERW / ERW,Green/Gwyrdd,Ysgol y Preseli,668.0,Pembrokeshire,Secondary,Community,WM,Welsh medium,Secondary (ages 11-19),---,Crymych,Preseli,Sir Benfro,,SA41 3QH,01239 831406,782.0
6684512,Haverfordwest High VC School,Pembrokeshire / Sir Benfro,ERW / ERW,Amber/Oren,Haverfordwest High VC School,668.0,Pembrokeshire,Secondary,Voluntary controlled,EM,English medium,Secondary (ages 11-19),---,Off Portfield Avenue,,,Haverfordwest,SA61 1EQ,01437 764147,1620.0
6685500,Ysgol Caer Elen,Pembrokeshire / Sir Benfro,ERW / ERW,Yellow/Melyn,Ysgol Caer Elen,668.0,Pembrokeshire,Middle,Community,WM,Welsh medium,Middle (ages 3-16),---,Withybush Road,,,Haverfordwest,SA62 4BN,01437 808470,540.0
6685900,Ysgol Penrhyn Dewi,Pembrokeshire / Sir Benfro,ERW / ERW,Yellow/Melyn,Ysgol yr Eglwys yng Nghymru Penrhyn Dewi,668.0,Pembrokeshire,Middle,Voluntary aided,EM,English medium,Middle (ages 3-16),Church in Wales,St. Davids ,,,Haverfordwest,SA62 6QH,01437 725000,565.0
6694029,Ysgol Dyffryn Aman,Carmarthenshire / Sir Gaerfyrddin,ERW / ERW,Green/Gwyrdd,Ysgol Dyffryn Aman,669.0,Carmarthenshire,Secondary,Community,BB,Bilingual (Type B),Secondary (ages 11-19),---,Margaret Street,Ammanford,Carmarthenshire,,SA18 2NW,01269 592441,1403.0
6694050,Coedcae School,Carmarthenshire / Sir Gaerfyrddin,ERW / ERW,Green/Gwyrdd,Coedcae School,669.0,Carmarthenshire,Secondary,Community,EM,English medium,Secondary (ages 11-16),---,Trostre Road,Llanelli,Carmarthenshire,,SA15 1LJ,01554 750574,856.0
6694052,Ysgol Gyfun Y Strade,Carmarthenshire / Sir Gaerfyrddin,ERW / ERW,Green/Gwyrdd,Ysgol Gyfun Y Strade,669.0,Carmarthenshire,Secondary,Community,AB,Bilingual (Type A),Secondary (ages 11-19),---,Heol Sandy,Llanelli,Carmarthenshire,,SA15 4DL,01554 745100,1177.0
6694053,Glan-y-Mor School,Carmarthenshire / Sir Gaerfyrddin,ERW / ERW,Green/Gwyrdd,Glan-y-Mor School,669.0,Carmarthenshire,Secondary,Community,EM,English medium,Secondary (ages 11-16),---,Heol Elfed,Burry Port,Carmarthenshire,,SA16 0AL,01554 832507,533.0
6694054,Bryngwyn School,Carmarthenshire / Sir Gaerfyrddin,ERW / ERW,Green/Gwyrdd,Bryngwyn School,669.0,Carmarthenshire,Secondary,Community,EM,English medium,Secondary (ages 11-16),---,Dafen,Llanelli,Carmarthenshire,,SA14 8RP,01554 750661,1021.0
6694056,Ysgol Gyfun Gymraeg Bro Myrddin,Carmarthenshire / Sir Gaerfyrddin,ERW / ERW,Green/Gwyrdd,Ysgol Gyfun Gymraeg Bro Myrddin,669.0,Carmarthenshire,Secondary,Community,WM,Welsh medium,Secondary (ages 11-19),---,Croesyceiliog,Caerfyrddin,Sir Gaerfyrddin,,SA32 8DN,01267 234829,914.0
6694060,Ysgol Gyfun Emlyn,Carmarthenshire / Sir Gaerfyrddin,ERW / ERW,Yellow/Melyn,Ysgol Gyfun Emlyn,669.0,Carmarthenshire,Secondary,Community,EW,English with significant Welsh,Secondary (ages 11-19),---,Newcastle Emlyn,,Carmarthenshire,,SA38 9LN,01239 710447,445.0
6694063,Queen Elizabeth High School,Carmarthenshire / Sir Gaerfyrddin,ERW / ERW,Amber/Oren,Queen Elizabeth High School,669.0,Carmarthenshire,Secondary,Community,EW,English with significant Welsh,Secondary (ages 11-19),---,Llansteffan Road,Johnstown,Carmarthen,Carmarthenshire,SA31 3NL,01267 245300,1350.0
6694064,Ysgol Maes Y Gwendraeth,Carmarthenshire / Sir Gaerfyrddin,ERW / ERW,Green/Gwyrdd,Ysgol Maes y Gwendraeth,669.0,Carmarthenshire,Secondary,Community,AB,Bilingual (Type A),Secondary (ages 11-19),---,Cefneithin Campus,74 Parc Y Heol,Cefneithin,Llanelli,SA14 7DT,01269 833900,1011.0
6694065,Ysgol Bro Dinefwr,Carmarthenshire / Sir Gaerfyrddin,ERW / ERW,Yellow/Melyn,Ysgol Bro Dinefwr,669.0,Carmarthenshire,Secondary,Community,BB,Bilingual (Type B),Secondary (ages 11-19),---,Ffairfach,Llandeilo,Carmarthenshire,,SA19 6PE,01558 824800,1187.0
6694512,Dyffryn Taf,Carmarthenshire / Sir Gaerfyrddin,ERW / ERW,Yellow/Melyn,Dyffryn Taf,669.0,Carmarthenshire,Secondary,Voluntary controlled,EM,English medium,Secondary (ages 11-19),---,North Road,Whitland,Carmarthenshire,,SA34 0BD,01994 242100,917.0
6694600,St John Lloyd Catholic Comprehensive School,Carmarthenshire / Sir Gaerfyrddin,ERW / ERW,Yellow/Melyn,St John Lloyd Catholic Comprehensive School,669.0,Carmarthenshire,Secondary,Voluntary aided,EM,English medium,Secondary (ages 11-16),Roman Catholic,Havard Road,Llanelli,Carmarthenshire,,SA14 8SD,01554 772589,509.0
6704031,Cefn Hengoed,Swansea / Abertawe,ERW / ERW,Green/Gwyrdd,Cefn Hengoed,670.0,Swansea,Secondary,Community,EM,English medium,Secondary (ages 11-16),---,Caldicot Road,Winch Wen,Swansea,,SA1 7HX,01792 773464,850.0
6704032,OLCHFA SCHOOL,Swansea / Abertawe,ERW / ERW,Green/Gwyrdd,Olchfa School,670.0,Swansea,Secondary,Community,EM,English medium,Secondary (ages 11-19),---,Gower Road,Sketty,Swansea,,SA2 7AB,01792 534300,1764.0
6704033,MORRISTON COMPREHENSIVE,Swansea / Abertawe,ERW / ERW,Yellow/Melyn,Morriston Comprehensive,670.0,Swansea,Secondary,Community,EM,English medium,Secondary (ages 11-19),---,Heol Maes Eglwys,Morriston,Swansea,,SA6 6NH,01792 797745,977.0
6704043,PENTREHAFOD SCHOOL,Swansea / Abertawe,ERW / ERW,Green/Gwyrdd,Pentrehafod School,670.0,Swansea,Secondary,Community,EM,English medium,Secondary (ages 11-16),---,Pentremawr Road,Hafod,Swansea,,SA1 2NN,01792 410400,1022.0
6704044,BISHOP GORE SCHOOL,Swansea / Abertawe,ERW / ERW,Green/Gwyrdd,Bishop Gore School,670.0,Swansea,Secondary,Community,EM,English medium,Secondary (ages 11-19),---,De-La-Beche Road,Sketty,Swansea,,SA2 9AP,01792 411400,1226.0
6704062,Penyrheol Comprehensive School,Swansea / Abertawe,ERW / ERW,Yellow/Melyn,Penyrheol Comprehensive School,670.0,Swansea,Secondary,Community,EM,English medium,Secondary (ages 11-16),---,Pontarddulais Road,Gorseinon,Swansea,,SA4 4FG,01792 533066,889.0
6704063,Gowerton Comprehensive School,Swansea / Abertawe,ERW / ERW,Green/Gwyrdd,Gowerton Comprehensive School,670.0,Swansea,Secondary,Community,EM,English medium,Secondary (ages 11-19),---,Cecil Road,Gowerton,Swansea,,SA4 3DL,01792 873461,1185.0
6704069,BISHOPSTON COMPREHENSIVE,Swansea / Abertawe,ERW / ERW,Green/Gwyrdd,Bishopston Comprehensive,670.0,Swansea,Secondary,Community,EM,English medium,Secondary (ages 11-16),---,The Glebe,Bishopston,Swansea,,SA3 3JP,01792 234121,1101.0
6704072,Pontarddulais Comprehensive School,Swansea / Abertawe,ERW / ERW,Green/Gwyrdd,Pontarddulais Comprehensive School,670.0,Swansea,Secondary,Community,EM,English medium,Secondary (ages 11-16),---,Caecerrig Road,Pontarddulais,Swansea,,SA4 8PD,01792 884556,814.0
6704074,Ysgol Gyfun Gwyr,Swansea / Abertawe,ERW / ERW,Green/Gwyrdd,Ysgol Gyfun Gwyr,670.0,Swansea,Secondary,Community,WM,Welsh medium,Secondary (ages 11-19),---,Talbot Street,Tregwyr,Abertawe,,SA4 3DD,01792 872403,1048.0
6704075,BIRCHGROVE,Swansea / Abertawe,ERW / ERW,Green/Gwyrdd,Birchgrove,670.0,Swansea,Secondary,Community,EM,English medium,Secondary (ages 11-16),---,Birchgrove Road,Birchgrove,Swansea,,SA7 9NB,01792 535400,430.0
6704076,Dylan Thomas Community School,Swansea / Abertawe,ERW / ERW,Yellow/Melyn,Dylan Thomas Community School,670.0,Swansea,Secondary,Community,EM,English medium,Secondary (ages 11-16),---,John Street,Cockett,Swansea,,SA2 0FR,01792 610300,522.0
6704078,Ysgol Gyfun Gymraeg Bryn Tawe,Swansea / Abertawe,ERW / ERW,Green/Gwyrdd,Ysgol Gyfun Gymraeg Bryn Tawe,670.0,Swansea,Secondary,Community,WM,Welsh medium,Secondary (ages 11-19),---,Heol Gywrosydd,Penlan,Swansea,,SA5 7BU,01792 560600,852.0
6704600,Bishop Vaughan School,Swansea / Abertawe,ERW / ERW,Green/Gwyrdd,Bishop Vaughan School,670.0,Swansea,Secondary,Voluntary aided,EM,English medium,Secondary (ages 11-19),Roman Catholic,Mynydd Garnlwyd Road,Morriston,Swansea,,SA6 7QG,01792 772006,1200.0
6714064,Cefn Saeson Comprehensive School,Neath Port Talbot / Castell-nedd Port Talbot,ERW / ERW,Yellow/Melyn,Cefn Saeson Comprehensive School,671.0,Neath Port Talbot,Secondary,Community,EM,English medium,Secondary (ages 11-16),---,Afan Valley Road,Cimla,Neath,,SA11 3TA,01639 791300,778.0
6714065,Cwmtawe Community School,Neath Port Talbot / Castell-nedd Port Talbot,ERW / ERW,Green/Gwyrdd,Cwmtawe Community School,671.0,Neath Port Talbot,Secondary,Community,EM,English medium,Secondary (ages 11-16),---,Ffordd Parc Ynysderw,Pontardawe,Swansea,,SA8 4EG,01792 863200,1228.0
6714066,Llangatwg Community School,Neath Port Talbot / Castell-nedd Port Talbot,ERW / ERW,Yellow/Melyn,Llangatwg Community School,671.0,Neath Port Talbot,Secondary,Community,EM,English medium,Secondary (ages 11-16),---,Main Road,Cadoxton,Neath,,SA10 8DB,01639 634700,764.0
6714067,Dwr Y Felin Comprehensive School,Neath Port Talbot / Castell-nedd Port Talbot,ERW / ERW,Green/Gwyrdd,Dwr Y Felin Comprehensive School,671.0,Neath Port Talbot,Secondary,Community,EM,English medium,Secondary (ages 11-16),---,Dwr Y Felin Road,Neath,,,SA10 7RE,01639 635161,1126.0
6714601,St Joseph's RC School and 6th Form Centre,Neath Port Talbot / Castell-nedd Port Talbot,ERW / ERW,Yellow/Melyn,St Joseph's RC School and 6th Form Centre,671.0,Neath Port Talbot,Secondary,Voluntary aided,EM,English medium,Secondary (ages 11-19),Roman Catholic,Newton Avenue,Aberavon,Port Talbot,,SA12 6EY,01639 884305,866.0
6715500,Ysgol Bae Baglan,Neath Port Talbot / Castell-nedd Port Talbot,ERW / ERW,Yellow/Melyn,Ysgol Bae Baglan,671.0,Neath Port Talbot,Middle,Community,EM,English medium,Middle (ages 3-16),---, SEAWAY PARADE,Sandfields,,PORT TALBOT,SA12 7BL,01639 508540,1491.0
6715501,Ysgol Gymraeg Ystalyfera Bro Dur,Neath Port Talbot / Castell-nedd Port Talbot,ERW / ERW,Green/Gwyrdd,Ysgol Gymraeg Ystalyfera Bro Dur,671.0,Neath Port Talbot,Middle,Community,WM,Welsh medium,Middle (ages 3-19),---,Glan Yr Afon,Ystalyfera,Swansea,,SA9 2DY,01639 842129,1438.0
6715502,Ysgol Cwm Brombil,Neath Port Talbot / Castell-nedd Port Talbot,ERW / ERW,Yellow/Melyn,Ysgol Cwm Brombil,671.0,Neath Port Talbot,Middle,Community,EM,English medium,Middle (ages 3-16),---,Bertha Road,,Margam,Port Talbot,SA13 2AN,01639 760110,1305.0
6724059,Cynffig Comprehensive,Bridgend / Pen-y-bont ar Ogwr,Central South Consortium/Consortiwm Canolbarth y De,Yellow/Melyn,Cynffig Comprehensive,672.0,Bridgend,Secondary,Community,EM,English medium,Secondary (ages 11-19),---,East Avenue,Kenfig Hill,Bridgend,,CF33 6NP,01656 740294,764.0
6724068,Bryntirion Comprehensive.,Bridgend / Pen-y-bont ar Ogwr,Central South Consortium/Consortiwm Canolbarth y De,Green/Gwyrdd,Bryntirion Comprehensive.,672.0,Bridgend,Secondary,Community,EM,English medium,Secondary (ages 11-19),---,Merlin Crescent,Cefn Glas,Bridgend,,CF31 4QR,01656 641100,1193.0
6724071,Maesteg Comprehensive School,Bridgend / Pen-y-bont ar Ogwr,Central South Consortium/Consortiwm Canolbarth y De,Amber/Oren,Maesteg Comprehensive School,672.0,Bridgend,Secondary,Community,EM,English medium,Secondary (ages 11-19),---,Ffordd Dysgu,Maesteg,Bridgend,,CF34 0LQ,01656 815950,1063.0
6724076,PENCOED COMPREHENSIVE,Bridgend / Pen-y-bont ar Ogwr,Central South Consortium/Consortiwm Canolbarth y De,Amber/Oren,Pencoed Comprehensive,672.0,Bridgend,Secondary,Community,EM,English medium,Secondary (ages 11-19),---,Coychurch Road,Pencoed,Bridgend,,CF35 5LZ,01656 867100,901.0
6724078,Brynteg  School,Bridgend / Pen-y-bont ar Ogwr,Central South Consortium/Consortiwm Canolbarth y De,Yellow/Melyn,Brynteg School,672.0,Bridgend,Secondary,Community,EM,English medium,Secondary (ages 11-19),---,Ewenny Road,Bridgend,,,CF31 3ER,01656 641800,1404.0
6724080,PORTHCAWL COMPREHENSIVE SCHOOL,Bridgend / Pen-y-bont ar Ogwr,Central South Consortium/Consortiwm Canolbarth y De,Green/Gwyrdd,Porthcawl Comprehensive School,672.0,Bridgend,Secondary,Community,EM,English medium,Secondary (ages 11-19),---,52 Park Avenue,Porthcawl,Bridgend,,CF36 3ES,01656 774100,1221.0
6724085,Ysgol Gyfun Gymraeg Llangynwyd,Bridgend / Pen-y-bont ar Ogwr,Central South Consortium/Consortiwm Canolbarth y De,Green/Gwyrdd,Ysgol Gyfun Gymraeg Llangynwyd,672.0,Bridgend,Secondary,Community,WM,Welsh medium,Secondary (ages 11-19),---,Llangynwyd,Maesteg,Bridgend,,CF34 9RW,01656 815700,622.0
6724086,Coleg Cymunedol Y Dderwen,Bridgend / Pen-y-bont ar Ogwr,Central South Consortium/Consortiwm Canolbarth y De,Yellow/Melyn,Coleg Cymunedol Y Dderwen,672.0,Bridgend,Secondary,Community,EM,English medium,Secondary (ages 11-19),---,Heol Yr Ysgol,Tondu,Bridgend,,CF32 9EL,01656 815920,1224.0
6724601,Archbishop McGrath Catholic School,Bridgend / Pen-y-bont ar Ogwr,Central South Consortium/Consortiwm Canolbarth y De,Green/Gwyrdd,Archbishop McGrath Catholic High School,672.0,Bridgend,Secondary,Voluntary aided,EM,English medium,Secondary (ages 11-19),Roman Catholic,Oak Tree Way,Brackla,Bridgend,,CF31 2DN,01656 815500,879.0
6734060,LLANTWIT MAJOR SCHOOL,The Vale of Glamorgan / Bro Morgannwg,Central South Consortium/Consortiwm Canolbarth y De,Yellow/Melyn,Llantwit Major School,673.0,The Vale of Glamorgan,Secondary,Community,EM,English medium,Secondary (ages 11-19),---,Ham Lane East,Llantwit Major,Vale of Glamorgan,,CF61 1TQ,01446 793301,972.0
6734065,COWBRIDGE COMPREHENSIVE SCHOOL,The Vale of Glamorgan / Bro Morgannwg,Central South Consortium/Consortiwm Canolbarth y De,Green/Gwyrdd,Cowbridge Comprehensive School,673.0,The Vale of Glamorgan,Secondary,Community,EM,English medium,Secondary (ages 11-19),---,Aberthin Road,Cowbridge,Vale of Glamorgan,,CF71 7EN,01446 772311,1527.0
6734067,St Cyres Comprehensive School,The Vale of Glamorgan / Bro Morgannwg,Central South Consortium/Consortiwm Canolbarth y De,Amber/Oren,St Cyres Comprehensive School,673.0,The Vale of Glamorgan,Secondary,Community,EM,English medium,Secondary (ages 11-19),---,St Cyres Road,Penarth,The Vale of Glamorgan,,CF64 2XP,02920 708708,1156.0
6734068,Whitmore High School,The Vale of Glamorgan / Bro Morgannwg,Central South Consortium/Consortiwm Canolbarth y De,Yellow/Melyn,Whitmore High School,673.0,The Vale of Glamorgan,Secondary,Community,EM,English medium,Secondary (ages 11-19),---,Port Road West,,Barry,Vale of Glamorgan,CF62 8ZJ,01446 411411,922.0
6734069,Pencoedtre High School,The Vale of Glamorgan / Bro Morgannwg,Central South Consortium/Consortiwm Canolbarth y De,Yellow/Melyn,Pencoedtre High School,673.0,The Vale of Glamorgan,Secondary,Community,EM,English medium,Secondary (ages 11-19),---,Merthyr Dyfan Road,,Barry,Vale of Glamorgan,CF62 9YQ,01446 403500,872.0
6734612,St Richard Gwyn Catholic High School,The Vale of Glamorgan / Bro Morgannwg,Central South Consortium/Consortiwm Canolbarth y De,Yellow/Melyn,St Richard Gwyn Catholic High School,673.0,The Vale of Glamorgan,Secondary,Voluntary aided,EM,English medium,Secondary (ages 11-16),Roman Catholic,Argae Lane,Barry,Vale of Glamorgan,,CF63 1BL,01446 729250,795.0
6735400,Stanwell School,The Vale of Glamorgan / Bro Morgannwg,Central South Consortium/Consortiwm Canolbarth y De,Green/Gwyrdd,Stanwell School,673.0,The Vale of Glamorgan,Secondary,Foundation,EM,English medium,Secondary (ages 11-19),---,Archer Road,Penarth,The Vale of Glamorgan,,CF64 2XL,02920 707633,2001.0
6735500,YSGOL GYMRAEG BRO MORGANNWG,The Vale of Glamorgan / Bro Morgannwg,Central South Consortium/Consortiwm Canolbarth y De,Green/Gwyrdd,Ysgol Gymraeg Bro Morgannwg,673.0,The Vale of Glamorgan,Middle,Community,WM,Welsh medium,Middle (ages 3-19),---,Heol Colcot,Barry,,,CF62 8YU,01446 450280,1266.0
6744019,Bryncelynnog Comprehensive School,"Rhondda, Cynon, Taff / Rhondda, Cynon, Taf",Central South Consortium/Consortiwm Canolbarth y De,Yellow/Melyn,Bryncelynnog Comprehensive School,674.0,Rhondda Cynon Taf,Secondary,Community,EM,English medium,Secondary (ages 11-19),---,Penycoedcae Road,Beddau,Pontypridd,,CF38 2AE,01443 203411,1210.0
6744022,The Pontypridd High School,"Rhondda, Cynon, Taff / Rhondda, Cynon, Taf",Central South Consortium/Consortiwm Canolbarth y De,Yellow/Melyn,The Pontypridd High School,674.0,Rhondda Cynon Taf,Secondary,Community,EM,English medium,Secondary (ages 11-19),---,Albion Site,Cilfynydd,Pontypridd,,CF37 4SF,01443 486133,863.0
6744027,Hawthorn High School,"Rhondda, Cynon, Taff / Rhondda, Cynon, Taf",Central South Consortium/Consortiwm Canolbarth y De,Yellow/Melyn,Hawthorn High School,674.0,Rhondda Cynon Taf,Secondary,Community,EM,English medium,Secondary (ages 11-19),---,School Lane,Hawthorn,Pontypridd,,CF37 5AL,01443 841228,694.0
6744053,Mountain Ash Comprehensive School,"Rhondda, Cynon, Taff / Rhondda, Cynon, Taf",Central South Consortium/Consortiwm Canolbarth y De,Amber/Oren,Mountain Ash Comprehensive School,674.0,Rhondda Cynon Taf,Secondary,Community,EM,English medium,Secondary (ages 11-19),---,New Road,Mountain Ash,,,CF45 4DG,01443 479199,973.0
6744081,Treorchy Comprehensive School,"Rhondda, Cynon, Taff / Rhondda, Cynon, Taf",Central South Consortium/Consortiwm Canolbarth y De,Amber/Oren,Treorchy Comprehensive School,674.0,Rhondda Cynon Taf,Secondary,Community,EW,English with significant Welsh,Secondary (ages 11-19),---,Pengelli,Treorchy,Rhondda,,CF42 6UL,01443 773128,1574.0
6744083,Ferndale Community School,"Rhondda, Cynon, Taff / Rhondda, Cynon, Taf",Central South Consortium/Consortiwm Canolbarth y De,Amber/Oren,Ferndale Community School,674.0,Rhondda Cynon Taf,Secondary,Community,EM,English medium,Secondary (ages 11-16),---,Ferndale,,,,CF43 4AR,01443 755337,583.0
6744096,Y Pant Comprehensive,"Rhondda, Cynon, Taff / Rhondda, Cynon, Taf",Central South Consortium/Consortiwm Canolbarth y De,Green/Gwyrdd,Y Pant Comprehensive,674.0,Rhondda Cynon Taf,Secondary,Community,EM,English medium,Secondary (ages 11-19),---,Cowbridge Road,Talbot Green,Pontyclun,Rhondda Cynon Taf,CF72 8YQ,01443 562250,1366.0
6744097,Ysgol Gyfun Cwm Rhondda,"Rhondda, Cynon, Taff / Rhondda, Cynon, Taf",Central South Consortium/Consortiwm Canolbarth y De,Green/Gwyrdd,Ysgol Gyfun Cwm Rhondda,674.0,Rhondda Cynon Taf,Secondary,Community,WM,Welsh medium,Secondary (ages 11-19),---,Heol Graigwen,Cymmer,Porth,,CF39 9HA,01443 680800,739.0
6744105,Ysgol Gyfun Rhydywaun,"Rhondda, Cynon, Taff / Rhondda, Cynon, Taf",Central South Consortium/Consortiwm Canolbarth y De,Yellow/Melyn,Ysgol Gyfun Rhydywaun,674.0,Rhondda Cynon Taf,Secondary,Community,WM,Welsh medium,Secondary (ages 11-19),---,Rhodfa Lawrence,Penywaun,Hirwaun,Rhondda Cynon Taf,CF44 9ES,01685 813500,1055.0
6744106,Aberdare Community School,"Rhondda, Cynon, Taff / Rhondda, Cynon, Taf",Central South Consortium/Consortiwm Canolbarth y De,Red/Coch,Aberdare Community School,674.0,Rhondda Cynon Taf,Secondary,Community,EM,English medium,Secondary (ages 11-19),---,Ynys Road,Ynys,Aberdare,,CF44 7RP,01685 888500,1295.0
6744602,Cardinal Newman R.C.,"Rhondda, Cynon, Taff / Rhondda, Cynon, Taf",Central South Consortium/Consortiwm Canolbarth y De,Green/Gwyrdd,Cardinal Newman R.C.,674.0,Rhondda Cynon Taf,Secondary,Voluntary aided,EM,English medium,Secondary (ages 11-19),Roman Catholic,Dynea Road,Rhydyfelin,Pontypridd,Rhondda Cynon Taf,CF37 5DP,01443 494110,896.0
6744604,St.John Baptist High School,"Rhondda, Cynon, Taff / Rhondda, Cynon, Taf",Central South Consortium/Consortiwm Canolbarth y De,Green/Gwyrdd,St.John Baptist High School,674.0,Rhondda Cynon Taf,Secondary,Voluntary aided,EM,English medium,Secondary (ages 11-19),Church in Wales,Glan Road,Aberdare,Rhondda Cynon Taf,,CF44 8BW,01685 875414,964.0
6745500,Ysgol Llanhari,"Rhondda, Cynon, Taff / Rhondda, Cynon, Taf",Central South Consortium/Consortiwm Canolbarth y De,Green/Gwyrdd,Ysgol Llanhari,674.0,Rhondda Cynon Taf,Middle,Community,WM,Welsh medium,Middle (ages 3-19),---,Llanhari,Pontyclun,Rhondda Cynon Taf,,CF72 9XE,01443 237824,713.0
6745501,Porth Community School,"Rhondda, Cynon, Taff / Rhondda, Cynon, Taf",Central South Consortium/Consortiwm Canolbarth y De,Red/Coch,Porth Community School,674.0,Rhondda Cynon Taf,Middle,Community,EM,English medium,Middle (ages 3-16),---,Cemetery Road,,,Porth,CF39 0BS,,913.0
6745502,Ysgol Nantgwyn,"Rhondda, Cynon, Taff / Rhondda, Cynon, Taf",Central South Consortium/Consortiwm Canolbarth y De,Yellow/Melyn,Ysgol Nantgwyn,674.0,Rhondda Cynon Taf,Middle,Community,EM,English medium,Middle (ages 3-16),---,Llewellyn Street,Penygraig,,Tonypandy,CF40 1HQ,,1045.0
6745503,Tonyrefail Community School,"Rhondda, Cynon, Taff / Rhondda, Cynon, Taf",Central South Consortium/Consortiwm Canolbarth y De,Yellow/Melyn,Tonyrefail Community School,674.0,Rhondda Cynon Taf,Middle,Community,EM,English medium,Middle (ages 3-19),---,Gilfach Road,,Tonyrefail,,CF39 8HG,,1515.0
6745504,Ysgol Garth Olwg,"Rhondda, Cynon, Taff / Rhondda, Cynon, Taf",Central South Consortium/Consortiwm Canolbarth y De,Yellow/Melyn,Ysgol Garth Olwg,674.0,Rhondda Cynon Taf,Middle,Community,WM,Welsh medium,Middle (ages 3-19),---,Ysgol Garth Olwg,St Illtyd's Road,Church Village,Pontypridd,CF38 1DX,,1180.0
6754011,Afon Taf High School,Merthyr Tydfil / Merthyr Tudful,Central South Consortium/Consortiwm Canolbarth y De,Amber/Oren,Afon Taf High School,675.0,Merthyr Tydfil,Secondary,Community,EM,English medium,Secondary (ages 11-16),---,Yew Street,Troedyrhiw,Merthyr Tydfil,,CF48 4ED,01685 351830,679.0
6754012,PEN-Y-DRE HIGH SCHOOL,Merthyr Tydfil / Merthyr Tudful,Central South Consortium/Consortiwm Canolbarth y De,Green/Gwyrdd,Pen-Y-Dre High School,675.0,Merthyr Tydfil,Secondary,Community,EM,English medium,Secondary (ages 11-16),---,Gurnos Estate,Merthyr Tydfil,,,CF47 9BY,01685 721726,665.0
6754013,Cyfarthfa High School,Merthyr Tydfil / Merthyr Tudful,Central South Consortium/Consortiwm Canolbarth y De,Amber/Oren,Cyfarthfa High School,675.0,Merthyr Tydfil,Secondary,Community,EM,English medium,Secondary (ages 11-16),---,Cae Mari Dwn,Queen's Road,Merthyr Tydfil,,CF47 0LS,01685 721725,1066.0
6754600,Bishop Hedley High School,Merthyr Tydfil / Merthyr Tudful,Central South Consortium/Consortiwm Canolbarth y De,Green/Gwyrdd,Bishop Hedley High School,675.0,Merthyr Tydfil,Secondary,Voluntary aided,EM,English medium,Secondary (ages 11-16),Roman Catholic,Gwaunfarren Road,Penydarren,Merthyr Tydfil,,CF47 9AN,01685 721747,553.0
6764031,Newbridge School,Caerphilly / Caerffili,EAS / GCA,Yellow/Melyn,Newbridge School,676.0,Caerphilly,Secondary,Community,EM,English medium,Secondary (ages 11-16),---,Bridge Street,Newbridge,Newport,,NP11 5FR,01495 243243,1016.0
6764046,Blackwood Comprehensive School,Caerphilly / Caerffili,EAS / GCA,Amber/Oren,Blackwood Comprehensive School,676.0,Caerphilly,Secondary,Community,EM,English medium,Secondary (ages 11-16),---,Ty Isha Terrace,Cen Fforest,Blackwood,,NP12 1ER,01495 225566,966.0
6764065,St Cenydd School,Caerphilly / Caerffili,EAS / GCA,Green/Gwyrdd,St Cenydd School,676.0,Caerphilly,Secondary,Community,EM,English medium,Secondary (ages 11-19),---,St Cenydd Road,Trecenydd,Caerphilly,,CF83 2RP,02920 852504,1029.0
6764068,Risca Community Comprehensive,Caerphilly / Caerffili,EAS / GCA,Red/Coch,Risca Community Comprehensive,676.0,Caerphilly,Secondary,Community,EM,English medium,Secondary (ages 11-16),---,Pontymason Lane,Rogerstone,Newport,,NP11 6YY,01633 612425,660.0
6764070,St Martin's School,Caerphilly / Caerffili,EAS / GCA,Green/Gwyrdd,St Martin's School,676.0,Caerphilly,Secondary,Community,EM,English medium,Secondary (ages 11-19),---,Hillside,Caerphilly,,,CF83 1UW,02920 858050,1000.0
6764073,HEOLDDU COMPREHENSIVE SCHOOL,Caerphilly / Caerffili,EAS / GCA,Yellow/Melyn,Heolddu Comprehensive School,676.0,Caerphilly,Secondary,Community,EM,English medium,Secondary (ages 11-19),---,Mountain Road,Bargoed,Caerphilly,,CF81 8XL,01443 875531,570.0
6764075,Lewis School Pengam,Caerphilly / Caerffili,EAS / GCA,Yellow/Melyn,Lewis School Pengam,676.0,Caerphilly,Secondary,Community,EM,English medium,Secondary (ages 11-19),---,Gilfach,Bargoed,,,CF81 8LJ,01443 873873,712.0
6764077,Lewis Girls' Comprehensive School,Caerphilly / Caerffili,EAS / GCA,Yellow/Melyn,Lewis Girls' Comprehensive School,676.0,Caerphilly,Secondary,Community,EM,English medium,Secondary (ages 11-19),---,Oakfield Street,Ystrad Mynach,,,CF82 7WW,01443 813168,691.0
6764093,Bedwas High School,Caerphilly / Caerffili,EAS / GCA,Amber/Oren,Bedwas High School,676.0,Caerphilly,Secondary,Community,EM,English medium,Secondary (ages 11-19),---,Newport Road,Bedwas,Caerphilly,,CF83 8BJ,02920 859800,647.0
6764103,Ysgol Gyfun Cwm Rhymni,Caerphilly / Caerffili,EAS / GCA,Amber/Oren,Ysgol Gyfun Cwm Rhymni,676.0,Caerphilly,Secondary,Community,WM,Welsh medium,Secondary (ages 11-19),---,Heol Gelli Haf,Fleur De Lys,Blackwood,Caerphilly,NP12 3JQ,01443 875227,1730.0
6764104,Islwyn High School,Caerphilly / Caerffili,EAS / GCA,Red/Coch,Islwyn High School,676.0,Caerphilly,Secondary,Community,EM,English medium,Secondary (ages 11-16),---,Waterloo,Oakdale,Blackwood,,NP12 0NU,01495 233600,1078.0
6765500,Idris Davies School 3 to 18,Caerphilly / Caerffili,EAS / GCA,Amber/Oren,Idris Davies School 3 to 18,676.0,Caerphilly,Middle,Community,EM,English medium,Middle (ages 3-19),---,Mill Field,Abertysswg,Rhymney,,NP22 5XF,01685 846900,908.0
6774061,Tredegar Comprehensive School,Blaenau Gwent / Blaenau Gwent,EAS / GCA,Green/Gwyrdd,Tredegar Comprehensive School,677.0,Blaenau Gwent,Secondary,Community,EM,English medium,Secondary (ages 11-16),---,Stable Lane,Tredegar,Blaenau Gwent,,NP22 4BH,01495 723551,687.0
6775401,Brynmawr Foundation School,Blaenau Gwent / Blaenau Gwent,EAS / GCA,Red/Coch,Brynmawr Foundation School,677.0,Blaenau Gwent,Secondary,Foundation,EM,English medium,Secondary (ages 11-16),---,"Rhydw, Intermediate Road",Brymawr,Blaenau Gwent,,NP23 4XT,01495 310527,693.0
6775500,Ebbw Fawr Learning Community,Blaenau Gwent / Blaenau Gwent,EAS / GCA,Yellow/Melyn,Ebbw Fawr Learning Community,677.0,Blaenau Gwent,Middle,Community,EM,English medium,Middle (ages 3-16),---,Lime Avenue,Ebbw Vale,Blaenau Gwent,,NP23 6GL,01495 354690,1217.0
6775501,Abertillery Learning Community,Blaenau Gwent / Blaenau Gwent,EAS / GCA,Red/Coch,Abertillery Learning Community,677.0,Blaenau Gwent,Middle,Community,EM,English medium,Middle (ages 3-16),---,Alma Street,Abertillery,Blaenau Gwent,,NP13 1HN,01495 355911,1664.0
6784051,Croesyceiliog School,Torfaen / Tor-faen,EAS / GCA,Red/Coch,Croesyceiliog School,678.0,Torfaen,Secondary,Community,EM,English medium,Secondary (ages 11-16),---,Woodland Road,Croesyceiliog,Cwmbran,Torfaen,NP44 2YB,01633 645900,1401.0
6784070,Abersychan Comprehensive,Torfaen / Tor-faen,EAS / GCA,Amber/Oren,Abersychan Comprehensive,678.0,Torfaen,Secondary,Community,EM,English medium,Secondary (ages 11-16),---, INCLINE ROAD,ABERSYCHAN,Pontypool,Torfaen,NP4 7DF,01495 773068,835.0
6784072,West Monmouth School,Torfaen / Tor-faen,EAS / GCA,Amber/Oren,West Monmouth School,678.0,Torfaen,Secondary,Community,EM,English medium,Secondary (ages 11-16),---,Blaendare Road,Pontypool,Torfaen,,NP4 5YG,01495 762080,1031.0
6784075,YSGOL GYFUN GWYNLLYW,Torfaen / Tor-faen,EAS / GCA,Red/Coch,Ysgol Gyfun Gwynllyw,678.0,Torfaen,Secondary,Community,WM,Welsh medium,Secondary (ages 11-19),---,Heol Folly,Trefddyn,Pontypool,Torfaen,NP4 8JD,01495 750405,803.0
6784076,Cwmbran High School,Torfaen / Tor-faen,EAS / GCA,Red/Coch,Cwmbran High School,678.0,Torfaen,Secondary,Community,EM,English medium,Secondary (ages 11-16),---,Ty Gwyn Way,Fairwater,Cwmbran,,NP44 4YZ,01633 643950,1123.0
6784603,St. Albans R.C. High School,Torfaen / Tor-faen,EAS / GCA,Green/Gwyrdd,St. Albans R.C. High School,678.0,Torfaen,Secondary,Voluntary aided,EM,English medium,Secondary (ages 11-16),Roman Catholic,The Park,Pontypool,Torfaen,,NP4 6XG,01495 765800,841.0
6794060,Monmouth Comprehensive School,Monmouthshire / Sir Fynwy,EAS / GCA,Yellow/Melyn,Monmouth Comprehensive School,679.0,Monmouthshire,Secondary,Community,EM,English medium,Secondary (ages 11-19),---,Old Dixton Road,Monmouth,Monmouthshire,,NP25 3YT,01600 775177,1657.0
6794064,King Henry VIII Comprehensive,Monmouthshire / Sir Fynwy,EAS / GCA,Green/Gwyrdd,King Henry Viii Comprehensive,679.0,Monmouthshire,Secondary,Community,EM,English medium,Secondary (ages 11-19),---,Old Hereford Road,Abergavenny,Monmouthshire,,NP7 6EP,01873 735373,997.0
6794065,Chepstow Comprehensive School,Monmouthshire / Sir Fynwy,EAS / GCA,Amber/Oren,Chepstow Comprehensive School,679.0,Monmouthshire,Secondary,Community,EM,English medium,Secondary (ages 11-19),---,Welsh Street,Chepstow,Monmouthshire,,NP16 5LR,01291 635777,814.0
6794066,Caldicot School,Monmouthshire / Sir Fynwy,EAS / GCA,Yellow/Melyn,Caldicot School,679.0,Monmouthshire,Secondary,Community,EM,English medium,Secondary (ages 11-19),---,Mill Lane,Caldicot,Monmouthshire,,NP26 5XA,01291 426436,1294.0
6804003,St Julian's School,Newport / Casnewydd,EAS / GCA,Red/Coch,St Julian's School,680.0,Newport,Secondary,Community,EM,English medium,Secondary (ages 11-19),---,Heather Road,St Julian's,Newport,,NP19 7XU,01633 224490,1442.0
6804020,The John Frost School,Newport / Casnewydd,EAS / GCA,Yellow/Melyn,The John Frost School,680.0,Newport,Secondary,Community,EM,English medium,Secondary (ages 11-19),---,"Lighthouse Road,",Duffryn,Newport,,NP10 8YD,01633 654100,1208.0
6804021,Llanwern High School,Newport / Casnewydd,EAS / GCA,Amber/Oren,Llanwern High School,680.0,Newport,Secondary,Community,EM,English medium,Secondary (ages 11-19),---,Hartridge Farm Road,Newport,,,NP18 2YE,01633 411116,898.0
6804025,Newport High School,Newport / Casnewydd,EAS / GCA,Red/Coch,Newport High School,680.0,Newport,Secondary,Community,EM,English medium,Secondary (ages 11-19),---,Bettws Lane,Newport,,,NP20 7YB,01633 820100,1106.0
6804026,Lliswerry High School,Newport / Casnewydd,EAS / GCA,Amber/Oren,Lliswerry High School,680.0,Newport,Secondary,Community,EM,English medium,Secondary (ages 11-19),---,Nash Road,Newport,,,NP19 4RP,01633 277867,933.0
6804030,Bassaleg School,Newport / Casnewydd,EAS / GCA,Green/Gwyrdd,Bassaleg School,680.0,Newport,Secondary,Community,EM,English medium,Secondary (ages 11-19),---,Forge Lane,Bassaleg,Newport,,NP10 8NF,01633 892191,1677.0
6804059,Caerleon Comprehensive School,Newport / Casnewydd,EAS / GCA,Amber/Oren,Caerleon Comprehensive School,680.0,Newport,Secondary,Community,EM,English medium,Secondary (ages 11-19),---,Cold Bath Road,Caerleon,Newport,,NP18 1NF,01633 420106,1513.0
6804060,Ysgol Gyfun Gwent Is Coed,Newport / Casnewydd,EAS / GCA,Yellow/Melyn,Ysgol Gyfun Gwent Is Coed,680.0,Newport,Secondary,Community,WM,Welsh medium,Secondary (ages 11-19),---,Duffryn Way,Duffryn,Newport,,NP10 8BX,01633 851614,351.0
6804602,St Joseph's RC High School,Newport / Casnewydd,EAS / GCA,Green/Gwyrdd,St. Joseph's R.C. High School,680.0,Newport,Secondary,Voluntary aided,EM,English medium,Secondary (ages 11-19),Roman Catholic,Pencarn Way,Tredegar Park,Newport,,NP10 8XH,01633 653110,1414.0
6814039,CARDIFF HIGH SCHOOL,Cardiff / Caerdydd,Central South Consortium/Consortiwm Canolbarth y De,Green/Gwyrdd,Cardiff High School,681.0,Cardiff,Secondary,Community,EM,English medium,Secondary (ages 11-19),---,Llandennis Road,Cyncoed,Cardiff,,CF23 6WG,02920 757741,1663.0
6814041,Willows High School,Cardiff / Caerdydd,Central South Consortium/Consortiwm Canolbarth y De,Yellow/Melyn,Willows High School,681.0,Cardiff,Secondary,Community,EM,English medium,Secondary (ages 11-16),---,Willows Avenue,Tremorfa,Cardiff,,CF24 2YE,02920 414243,665.0
6814042,Fitzalan High School,Cardiff / Caerdydd,Central South Consortium/Consortiwm Canolbarth y De,Green/Gwyrdd,Fitzalan High School,681.0,Cardiff,Secondary,Community,EM,English medium,Secondary (ages 11-19),---,Lawrenny Avenue,Leckwith,Cardiff,,CF11 8XB,02920 232850,1742.0
6814049,Cantonian High School,Cardiff / Caerdydd,Central South Consortium/Consortiwm Canolbarth y De,Green/Gwyrdd,Cantonian High School,681.0,Cardiff,Secondary,Community,EM,English medium,Secondary (ages 11-19),---,Fairwater Road,Fairwater,Cardiff,,CF5 3JR,02920 415250,708.0
6814051,Llanishen High School,Cardiff / Caerdydd,Central South Consortium/Consortiwm Canolbarth y De,Green/Gwyrdd,Llanishen High School,681.0,Cardiff,Secondary,Community,EM,English medium,Secondary (ages 11-19),---,Heol Hir,Llanishen,Cardiff,,CF14 5YL,02920 680800,1601.0
6814054,Cathays High School,Cardiff / Caerdydd,Central South Consortium/Consortiwm Canolbarth y De,Green/Gwyrdd,Cathays High School,681.0,Cardiff,Secondary,Community,EM,English medium,Secondary (ages 11-19),---,Crown Way,New Zealand Road,Cathays,Cardiff,CF14 3XG,02920 544400,917.0
6814070,Radyr Comprehensive School,Cardiff / Caerdydd,Central South Consortium/Consortiwm Canolbarth y De,Green/Gwyrdd,Radyr Comprehensive School,681.0,Cardiff,Secondary,Community,EM,English medium,Secondary (ages 11-19),---,Heol Isaf,Radyr,Cardiff,,CF15 8XG,02920 845100,1309.0
6814071,Ysgol Gyfun Gymraeg Glantaf,Cardiff / Caerdydd,Central South Consortium/Consortiwm Canolbarth y De,Yellow/Melyn,Ysgol Gyfun Gymraeg Glantaf,681.0,Cardiff,Secondary,Community,WM,Welsh medium,Secondary (ages 11-19),---,Heol Y Bont,Gogledd Llandaf,Caerdydd,,CF14 2JL,02920 333090,1272.0
6814072,Ysgol Gyfun Gymraeg Plasmawr,Cardiff / Caerdydd,Central South Consortium/Consortiwm Canolbarth y De,Yellow/Melyn,Ysgol Gyfun Gymraeg Plasmawr,681.0,Cardiff,Secondary,Community,WM,Welsh medium,Secondary (ages 11-19),---,Pentrebane Road,Tyllgoed,Caerdydd,,CF5 3PZ,02920 405499,1136.0
6814074,Ysgol Gyfun Gymraeg Bro Edern,Cardiff / Caerdydd,Central South Consortium/Consortiwm Canolbarth y De,Green/Gwyrdd,Ysgol Gyfun Gymraeg Bro Edern,681.0,Cardiff,Secondary,Community,WM,Welsh medium,Secondary (ages 11-19),---,Llanedeyrn Road,Pen-y-lan,Caerdydd,,CF23 9DT,02920 561372,801.0
6814075,Cardiff West Community High School,Cardiff / Caerdydd,Central South Consortium/Consortiwm Canolbarth y De,Red/Coch,Cardiff West Community High School,681.0,Cardiff,Secondary,Community,EM,English medium,Secondary (ages 11-19),---,Penally Road,,Cardiff,,CF5 5XP,02920 672700,779.0
6814076,Eastern High,Cardiff / Caerdydd,Central South Consortium/Consortiwm Canolbarth y De,Yellow/Melyn,Eastern High,681.0,Cardiff,Secondary,Community,EM,English medium,Secondary (ages 11-16),---,Eastern Community Campus,Trowbridge Road,,Cardiff,CF3 3XG,02920 792751,968.0
6814600,St. Illtyd's Catholic High School,Cardiff / Caerdydd,Central South Consortium/Consortiwm Canolbarth y De,Amber/Oren,St. Illtyd's Catholic High School,681.0,Cardiff,Secondary,Voluntary aided,EM,English medium,Secondary (ages 11-16),Roman Catholic,Newport Road,Rumney,Cardiff,,CF3 1XQ,02920 778174,902.0
6814607,Mary Immaculate High School,Cardiff / Caerdydd,Central South Consortium/Consortiwm Canolbarth y De,Yellow/Melyn,Mary Immaculate High School,681.0,Cardiff,Secondary,Voluntary aided,EM,English medium,Secondary (ages 11-16),Roman Catholic,Caerau Lane,Wenvoe,Cardiff,,CF5 5QZ,02920 593465,793.0
6814608,Bishop of Llandaff Church in Wales High School,Cardiff / Caerdydd,Central South Consortium/Consortiwm Canolbarth y De,Green/Gwyrdd,Bishop Of Llandaff Church In Wales High School,681.0,Cardiff,Secondary,Voluntary aided,EM,English medium,Secondary (ages 11-19),Church in Wales,Rookwood Close,Llandaff,Cardiff,,CF5 2NR,02920 562485,1240.0
6814609,St Teilo's C-in-W High School,Cardiff / Caerdydd,Central South Consortium/Consortiwm Canolbarth y De,Green/Gwyrdd,St Teilo's C-In-W High School,681.0,Cardiff,Secondary,Voluntary aided,EM,English medium,Secondary (ages 11-19),Church in Wales,Circle Way East,Cardiff,,,CF23 9PD,02920 547180,1414.0
6814611,CORPUS CHRISTI CATHOLIC HIGH SCHOOL,Cardiff / Caerdydd,Central South Consortium/Consortiwm Canolbarth y De,Yellow/Melyn,Corpus Christi Catholic High School,681.0,Cardiff,Secondary,Voluntary aided,EM,English medium,Secondary (ages 11-16),Roman Catholic,Ty Draw Road,Lisvane,Cardiff,,CF23 6XL,02920 761893,1073.0
6815403,Whitchurch High School,Cardiff / Caerdydd,Central South Consortium/Consortiwm Canolbarth y De,Yellow/Melyn,Whitchurch High School,681.0,Cardiff,Secondary,Foundation,EM,English medium,Secondary (ages 11-19),---,Penlline Road,Whitchurch,Cardiff,,CF14 2XJ,02920 629700,2373.0
